#username,port
ab544,23700
ab556,24033
ag411,24042
am669,23651
am679,23720
amb58,24085
ar383,23727
ar389,23931
as628,23969
as645,23691
aw356,24007
br60,24457
bsa2,24123
bt69,24117
cc396,23835
cc398,23839
cf267,23717
ch363,23781
cj78,23966
cjb43,23729
cl327,23950
cs417,23656
cs422,23838
cw296,23809
dd210,23921
dg225,23711
dif1,24810
dns1,23749
ec313,23704
edm22,23902
ekh9,24597
er251,24736
fc84,23750
fm245,23919
gs248,23788
gt89,24664
gw86,23823
hb213,24014
hm253,24020
hw213,23808
hy47,24084
hz66,24010
jb453,24026
jb457,24017
jc435,23723
jc454,24025
jd306,23285
jf303,23768
jh455,24803
jjl21,24480
jm519,23822
jm524,23828
jmm51,23804
jr271,23154
js498,23945
jw373,23791
ks358,23660
kv45,24751
lc331,23666
lcm31,23932
lg240,23707
lm367,23678
lp217,23851
ma347,23863
mc431,23815
mc433,23797
mc439,23661
med8,23746
mk385,24006
mz93,23882
nc212,23705
nd65,23753
nh91,23780
pl93,24812
pp76,24070
ql30,23880
rb316,23837
rh256,23734
ri36,23930
rm387,24051
rm390,24013
rp218,23789
ry34,24122
se62,23695
se63,23724
sg349,23854
sg352,23690
shy1,23942
sj97,23911
slzys1,23858
sn201,24068
sr270,23922
sr294,23776
st275,23825
sy66,22456
tci1,23952
tgh1,23756
tm282,23762
tristan,10608
tvt1,24484
vap2,24060
whw1,23867
yc97,24074
za38,24824
